<?xml version="1.0"?>
<config xmlns:xsi="http://www.w3.org/2001/XMLSchema-instance" xsi:noNamespaceSchemaLocation="urn:magento:framework:Acl/etc/acl.xsd">
	<acl>
		<resources>
			<resource id="Magento_Backend::admin">
                <resource id="MageArray_Core::core" title="MageArray Extensions" sortOrder="80">
                    <resource id="MageArray_OrderAttachments::orderattachment" title="Order Attachments" sortOrder="55">
                        <resource id="MageArray_OrderAttachments::setting" title="Settings" sortOrder="11"/>
                    </resource>
                </resource>
				<resource id="Magento_Backend::stores">
					<resource id="Magento_Backend::stores_settings">
						<resource id="Magento_Config::config">
							<resource id="MageArray_OrderAttachments::orderattachments" title="Order Attachments" sortOrder="61" />
						</resource>
					</resource>
				</resource>
			</resource>
		</resources>
	</acl>
</config>
