<?xml version="1.0"?>
<!--
/**
 * BSS Commerce Co.
 *
 * NOTICE OF LICENSE
 *
 * This source file is subject to the EULA
 * that is bundled with this package in the file LICENSE.txt.
 * It is also available through the world-wide-web at this URL:
 * http://bsscommerce.com/Bss-Commerce-License.txt
 *
 * @category   BSS
 * @package    Bss_PromotionBar
 * @author     Extension Team
 * @copyright  Copyright (c) 2017-2018 BSS Commerce Co. ( http://bsscommerce.com )
 * @license    http://bsscommerce.com/Bss-Commerce-License.txt
 */
-->
 
<config xmlns:xsi="http://www.w3.org/2001/XMLSchema-instance" xsi:noNamespaceSchemaLocation="urn:magento:framework:Acl/etc/acl.xsd">
    <acl>
        <resources>
            <resource id="Magento_Backend::admin">
                <resource id="Magento_Backend::marketing" >
                    <resource id="Bss_PromotionBar::main" title="BSSCommerce Promotion Bar" sortOrder="200">
                        <resource id="Bss_PromotionBar::promotionbar" title="Manage Promotion Bar" sortOrder="1"/>
                        <resource id="Bss_PromotionBar::save" title="Promotion Bar Writable" sortOrder="2"/>
                        <resource id="Bss_PromotionBar::delete" title="Promotion Bar Deletable" sortOrder="3"/>
                    </resource>
                </resource>
                <resource id="Magento_Backend::stores">
                    <resource id="Magento_Backend::stores_settings">
                        <resource id="Magento_Config::config">
                            <resource id="Bss_PromotionBar::config_promotionbar" title="Promotion Bar Settings" sortOrder="10"/>
                        </resource>
                    </resource>
                </resource>
            </resource>
        </resources>
    </acl>
</config>
