<?xml version="1.0"?>
<!--
/**
 * BSS Commerce Co.
 *
 * NOTICE OF LICENSE
 *
 * This source file is subject to the EULA
 * that is bundled with this package in the file LICENSE.txt.
 * It is also available through the world-wide-web at this URL:
 * http://bsscommerce.com/Bss-Commerce-License.txt
 *
 * @category   BSS
 * @package    Bss_PromotionBar
 * @author     Extension Team
 * @copyright  Copyright (c) 2017-2018 BSS Commerce Co. ( http://bsscommerce.com )
 * @license    http://bsscommerce.com/Bss-Commerce-License.txt
 */
-->

<config xmlns:xsi="http://www.w3.org/2001/XMLSchema-instance" xsi:noNamespaceSchemaLocation="urn:magento:framework:ObjectManager/etc/config.xsd">
    <virtualType name="BssPromotionBarGridFilterPool" type="Magento\Framework\View\Element\UiComponent\DataProvider\FilterPool">
        <arguments>
            <argument name="appliers" xsi:type="array">
                <item name="regular" xsi:type="object">Magento\Framework\View\Element\UiComponent\DataProvider\RegularFilter</item>
                <item name="fulltext" xsi:type="object">Magento\Framework\View\Element\UiComponent\DataProvider\FulltextFilter</item>
            </argument>
        </arguments>
    </virtualType>
    <virtualType name="BssPromotionBarBarGridDataProvider" type="Magento\Framework\View\Element\UiComponent\DataProvider\DataProvider">
        <arguments>
            <argument name="collection" xsi:type="object" shared="false">Bss\PromotionBar\Model\ResourceModel\Bar\Collection</argument>
            <argument name="filterPool" xsi:type="object" shared="false">BssPromotionBarGridFilterPool</argument>
        </arguments>
    </virtualType>
    <type name="Bss\PromotionBar\Model\ResourceModel\Bar\Grid\Collection">
        <arguments>
            <argument name="mainTable" xsi:type="string">bss_promotionbar_bar</argument>
            <argument name="eventPrefix" xsi:type="string">bss_promotionbar_bar_grid_collection</argument>
            <argument name="eventObject" xsi:type="string">bar_grid_collection</argument>
            <argument name="resourceModel" xsi:type="string">Bss\Promotion\Model\ResourceModel\Bar</argument>
        </arguments>
    </type>
    <type name="Magento\Framework\View\Element\UiComponent\DataProvider\CollectionFactory">
        <arguments>
            <argument name="collections" xsi:type="array">
                <item name="bss_promotionbar_bar_listing_data_source" xsi:type="string">Bss\PromotionBar\Model\ResourceModel\Bar\Grid\Collection</item>
            </argument>
        </arguments>
    </type>
</config>
